UID,站名,可借
KHH501201001,YouBike2.0_捷運美麗島站(10號出口),19
KHH501201002,YouBike2.0_捷運美麗島站(2號出口),36
KHH501201003,YouBike2.0_捷運美麗島站(5號出口),21
KHH501201004,YouBike2.0_七賢洛陽街口,8
KHH501201005,YouBike2.0_中山七賢路口西南側,12
KHH501201006,YouBike2.0_中山八德路口西南側,26
KHH501201007,YouBike2.0_新興高中,13
KHH501201008,YouBike2.0_新興公園西南側,12
KHH501201009,YouBike2.0_中正和平路口西北側,10
KHH501201010,YouBike2.0_六合錦田路口,9
KHH501201011,YouBike2.0_捷運信義國小站(5號出口),22
KHH501201012,YouBike2.0_高雄市財稅行政大樓,8
KHH501201013,YouBike2.0_復興民權街口,16
KHH501201014,YouBike2.0_忠孝公園,12
KHH501201015,YouBike2.0_捷運中央公園站(2號出口),23
KHH501201016,YouBike2.0_捷運中央公園站(3號出口),24
KHH501201017,YouBike2.0_捷運美麗島站(9號出口),22
KHH501201018,YouBike2.0_捷運信義國小站(1號出口),20
KHH501201019,YouBike2.0_六合公園(七賢路),19
KHH501201020,YouBike2.0_中山民生圓環,11
KHH501201021,YouBike2.0_捷運美麗島站(7號出口),11
KHH501201022,YouBike2.0_捷運美麗島站(6號出口),14
KHH501201023,YouBike2.0_民族八德路口,27
KHH501201024,YouBike2.0_高雄高商(復興路),21
KHH501201025,YouBike2.0_民權民生路口,22
KHH501201026,YouBike2.0_大同國小(大同路),0
KHH501201027,YouBike2.0_民族河南路口,16
KHH501201028,YouBike2.0_七賢民族二路口,18
KHH501201029,YouBike2.0_六合公園(六合一路),4
KHH501201030,YouBike2.0_中正忠孝一路口,8
KHH501201031,YouBike2.0_中正仁愛一街口,13
KHH501202001,YouBike2.0_中正民族路口(東南角),13
KHH501202002,YouBike2.0_捷運文化中心站(2號出口),22
KHH501202003,YouBike2.0_苓雅國中,36
KHH501202004,YouBike2.0_高雄師範大學(學生宿舍),38
KHH501202005,YouBike2.0_高雄師範大學(活動中心),18
KHH501202006,YouBike2.0_自來水公園,13
KHH501202007,YouBike2.0_中正高中,34
KHH501202009,YouBike2.0_泰順河南路口,9
KHH501202010,YouBike2.0_捷運衛武營站(4號出口),22
KHH501202011,YouBike2.0_正道公園,7
KHH501202012,YouBike2.0_苓雅中正國小,10
KHH501202013,YouBike2.0_復華高中,17
KHH501202014,YouBike2.0_凱旋同慶路口(西南角),18
KHH501202015,YouBike2.0_高雄市衛生局,10
KHH501202016,YouBike2.0_民權永富街口,9
KHH501202017,YouBike2.0_福居兒童遊戲場,18
KHH501202018,YouBike2.0_金馬公有停車場,13
KHH501202019,YouBike2.0_捷運五塊厝站(2號出口),15
KHH501202020,YouBike2.0_武廟市場停車場,11
KHH501202021,YouBike2.0_三信家商,21
KHH501202022,YouBike2.0_行仁行禮街口,0
KHH501202023,YouBike2.0_中華興中路口(東南角),12
KHH501202024,YouBike2.0_四維行政大樓,15
KHH501202025,YouBike2.0_環球影城(大順三路),17
KHH501202026,YouBike2.0_福德公有停車場,30
KHH501202027,YouBike2.0_福康國小,8
KHH501202028,YouBike2.0_正心公園,7
KHH501202029,YouBike2.0_捷運五塊厝站(4號出口),13
KHH501202030,YouBike2.0_捷運苓雅運動園區站(1號出口),15
KHH501202031,YouBike2.0_捷運衛武營(5號出口),0
KHH501202032,YouBike2.0_正義車站,15
KHH501202033,YouBike2.0_科工館車站,54
KHH501202034,YouBike2.0_捷運三多商圈站(2號出口),3
KHH501202035,YouBike2.0_捷運三多商圈站(7號出口),8
KHH501202036,YouBike2.0_捷運三多商圈站(5號出口),0
KHH501202037,YouBike2.0_捷運文化中心站(3號出口),7
KHH501202038,YouBike2.0_中正正言路口,17
KHH501202039,YouBike2.0_捷運苓雅運動園區站(2號出口),24
KHH501202040,YouBike2.0_四維行政中心(四維三路),26
KHH501202041,YouBike2.0_高雄市文化中心(和平一路),19
KHH501202042,YouBike2.0_道明中學,48
KHH501202043,YouBike2.0_四維公園,21
KHH501202044,YouBike2.0_輕軌旅運中心站,0
KHH501202045,YouBike2.0_高雄市文化中心(廣州一街),18
KHH501202046,YouBike2.0_正義市場,16
KHH501202047,YouBike2.0_生日公園,19
KHH501202048,YouBike2.0_國際商工,16
KHH501202049,YouBike2.0_凱旋醫院,19
KHH501202050,YouBike2.0_輕軌光榮碼頭站,7
KHH501202051,YouBike2.0_捷運衛武營站(3號出口),26
KHH501202052,YouBike2.0_英明公園,25
KHH501202053,YouBike2.0_長青綜合服務中心,14
KHH501202054,YouBike2.0_財政部高雄國稅局,7
KHH501202055,YouBike2.0_成功國小(華新街),6
KHH501202056,YouBike2.0_福德河北路口(東南側),11
KHH501202057,YouBike2.0_高雄師大附中(凱旋二路),34
KHH501202058,YouBike2.0_四維國小(民權一路),9
KHH501202059,YouBike2.0_五塊厝公園,9
KHH501202060,YouBike2.0_同慶停車場,20
KHH501202061,YouBike2.0_三多廣州二街口,11
KHH501202062,YouBike2.0_北凱旋公園,10
KHH501202063,YouBike2.0_和平五福一路口,19
KHH501202064,YouBike2.0_林靖公園,10
KHH501202065,YouBike2.0_中華苓雅二路口,8
KHH501202066,YouBike2.0_武廟大順三路口,4
KHH501202067,YouBike2.0_福東國小,14
KHH501202068,YouBike2.0_中山四維四路口,9
KHH501202069,YouBike2.0_五權國小,15
KHH501202070,YouBike2.0_民權四維三路口,16
KHH501202071,YouBike2.0_福安公園,12
KHH501202072,YouBike2.0_三多和平一路口,19
KHH501202073,YouBike2.0_四維河南路口,9
KHH501202074,YouBike2.0_輕軌凱旋公園站,34
KHH501202075,YouBike2.0_輕軌凱旋武昌站,19
KHH501202076,YouBike2.0_和平和平一路80巷口,15
KHH501202077,YouBike2.0_凱旋凱旋三路915巷口,15
KHH501202078,YouBike2.0_苓洲國小,0
KHH501202079,YouBike2.0_武昌武昌路40巷口,3
KHH501202080,YouBike2.0_中山苓雅二路口,13
KHH501202081,YouBike2.0_捷運三多商圈站(6號出口),1
KHH501202082,YouBike2.0_海邊新田路口,11
KHH501202083,YouBike2.0_國民市場(仁愛三街),13
KHH501202084,YouBike2.0_三多文橫二路口,10
KHH501202085,YouBike2.0_高雄國軍英雄館,35
KHH501202086,YouBike2.0_民權興中一路口,8
KHH501202087,YouBike2.0_高雄市青少年籃球場,11
KHH501202088,YouBike2.0_海邊苓中路口,30
KHH501202089,YouBike2.0_輕軌旅運中心站(海邊路),28
KHH501202090,YouBike2.0_三多公有停車場,18
KHH501202091,YouBike2.0_凱旋青樹,12
KHH501202093,YouBike2.0_三多二光華一路口,8
KHH501202094,YouBike2.0_正憲公有停車場,10
KHH501202095,YouBike2.0_和平三多二路口,7
KHH501202096,YouBike2.0_苓南前苓安路口,10
KHH501202097,YouBike2.0_四維光華一路口,15
KHH501202098,YouBike2.0_武廟建國一路口231巷口,15
KHH501203001,YouBike2.0_建國同愛街口西北側,0
KHH501203002,YouBike2.0_市立高雄高級中學,17
KHH501203003,YouBike2.0_高雄車站(西南側),87
KHH501203005,YouBike2.0_河濱國小,16
KHH501203006,YouBike2.0_河東路建國三路口,4
KHH501203007,YouBike2.0_中華遼北街口,6
KHH501203008,YouBike2.0_建國錦田路口西北側,9
KHH501203009,YouBike2.0_凱歌憲政路口,11
KHH501203010,YouBike2.0_遼寧哈爾濱街口,0
KHH501203011,YouBike2.0_文興公園,11
KHH501203012,YouBike2.0_三民國小,9
KHH501203013,YouBike2.0_三塊厝車站,14
KHH501203014,YouBike2.0_堯山延慶街口,1
KHH501203015,YouBike2.0_山東承德街口,6
KHH501203016,YouBike2.0_國立科學工藝博物館,6
KHH501203017,YouBike2.0_高雄醫學大學,67
KHH501203018,YouBike2.0_民族九如路口,13
KHH501203019,YouBike2.0_十全民族路口,12
KHH501203020,YouBike2.0_捷運後驛站(1號出口北側),20
KHH501203021,YouBike2.0_義德公園,13
KHH501203022,YouBike2.0_三民公園南側,9
KHH501203023,YouBike2.0_捷運後驛站(3號出口),17
KHH501203024,YouBike2.0_正興國小,10
KHH501203025,YouBike2.0_高雄科技大學東北側,51
KHH501203026,YouBike2.0_鼎中路199巷口,13
KHH501203027,YouBike2.0_大裕昌富街口,9
KHH501203028,YouBike2.0_捷運後驛站(1號出口南側),24
KHH501203029,YouBike2.0_建民公園,23
KHH501203030,YouBike2.0_三民高中東側,23
KHH501203031,YouBike2.0_鼎金國民中學,12
KHH501203032,YouBike2.0_獅湖國小,16
KHH501203033,YouBike2.0_鼎泰廣場公園,19
KHH501203034,YouBike2.0_陽明網球中心,23
KHH501203035,YouBike2.0_寶華兒童公園,14
KHH501203036,YouBike2.0_大順九如路口,16
KHH501203037,YouBike2.0_高雄市立正興國民中學,27
KHH501203038,YouBike2.0_高雄市立民族國民中學西北側,0
KHH501203039,YouBike2.0_皓東路17巷口,14
KHH501203040,YouBike2.0_博愛九如二路(東北側),22
KHH501203041,YouBike2.0_民族一路543巷口,15
KHH501203042,YouBike2.0_褒揚廣場,13
KHH501203043,YouBike2.0_三民高中西側,43
KHH501203044,YouBike2.0_明誠聯興路口,14
KHH501203045,YouBike2.0_熱河自由路口,7
KHH501203046,YouBike2.0_民族大昌路口,8
KHH501203047,YouBike2.0_民族車站,13
KHH501203048,YouBike2.0_正興公有停車場,9
KHH501203049,YouBike2.0_大昌春陽街口,23
KHH501203050,YouBike2.0_捷運後驛站(2號出口),10
KHH501203051,YouBike2.0_博愛同盟路口,16
KHH501203052,YouBike2.0_科工館,23
KHH501203053,YouBike2.0_高雄中學(東側),23
KHH501203054,YouBike2.0_客家文物館,9
KHH501203055,YouBike2.0_金獅湖,5
KHH501203056,YouBike2.0_文藻外語大學,17
KHH501203057,YouBike2.0_莊敬公園,20
KHH501203058,YouBike2.0_高雄高工,0
KHH501203059,YouBike2.0_鼎金國小,9
KHH501203060,YouBike2.0_寶業里滯洪池,21
KHH501203061,YouBike2.0_義民廟,10
KHH501203062,YouBike2.0_正義公園,16
KHH501203063,YouBike2.0_鼎山大順路口,8
KHH501203064,YouBike2.0_同盟博愛路口,2
KHH501203065,YouBike2.0_三民游泳池,12
KHH501203066,YouBike2.0_河堤南自由路口,1
KHH501203067,YouBike2.0_陽明公園,10
KHH501203068,YouBike2.0_金獅湖橋,8
KHH501203069,YouBike2.0_光武國小,16
KHH501203070,YouBike2.0_美都公園,6
KHH501203073,YouBike2.0_河東河北路口,22
KHH501203074,YouBike2.0_明堤公園,7
KHH501203075,YouBike2.0_陽明溜冰場,0
KHH501203076,YouBike2.0_精華公園,0
KHH501203077,YouBike2.0_檨仔林埤濕地公園,8
KHH501203078,YouBike2.0_河北立德街口,7
KHH501203079,YouBike2.0_灣福兒童公園,10
KHH501203080,YouBike2.0_建國林森路口,10
KHH501203081,YouBike2.0_東光國小,13
KHH501203082,YouBike2.0_鼎泰廣場,15
KHH501203083,YouBike2.0_本安生態滯洪公園,3
KHH501203084,YouBike2.0_建國三路中庸街口,4
KHH501203085,YouBike2.0_河北二路中庸街口,5
KHH501203086,YouBike2.0_民族社區老人活動中心,14
KHH501203087,YouBike2.0_陽明義華路口,31
KHH501203088,YouBike2.0_同盟十全路口,13
KHH501203089,YouBike2.0_中華熱河三街口,8
KHH501203090,YouBike2.0_中華九如三路口,8
KHH501203091,YouBike2.0_中庸中華橫路口,8
KHH501203092,YouBike2.0_自立自立一路161巷口,11
KHH501203093,YouBike2.0_大園大和街口,20
KHH501203094,YouBike2.0_大順民族路口,8
KHH501203095,YouBike2.0_民族聯興路50巷口,16
KHH501203096,YouBike2.0_河堤明哲路口,0
KHH501203097,YouBike2.0_明誠鼎愛街口,5
KHH501203098,YouBike2.0_灣仔內兒童遊戲場,6
KHH501203099,YouBike2.0_寶德里廣場,10
KHH501203100,YouBike2.0_建國忠孝一路口,19
KHH501203101,YouBike2.0_中都聯合里民中心,0
KHH501203102,YouBike2.0_九如自立一路口,16
KHH501203103,YouBike2.0_愛國國小,17
KHH501203104,YouBike2.0_博愛熱河二街口,12
KHH501203105,YouBike2.0_九如中華二路口,8
KHH501203106,YouBike2.0_華德華德街98巷口,11
KHH501203107,YouBike2.0_三民公園(北側),11
KHH501203108,YouBike2.0_寶業滯洪公園(澄清路),0
KHH501203109,YouBike2.0_博愛國小,25
KHH501203110,YouBike2.0_高雄車站(西側),35
KHH501203111,YouBike2.0_三民區公所,2
KHH501203112,YouBike2.0_寶安里活動中心,5
KHH501203113,YouBike2.0_十全康平街口,8
KHH501203114,YouBike2.0_自由察哈爾一街口,50
KHH501203115,YouBike2.0_正義車站(鐵道街),4
KHH501203116,YouBike2.0_南區環保公園,17
KHH501203117,YouBike2.0_中山河北一路口,5
KHH501203118,YouBike2.0_鐵道復興一路口,4
KHH501203119,YouBike2.0_鐵道九如一路381巷口,25
KHH501203120,YouBike2.0_本和公園,20
KHH501203121,YouBike2.0_鐵道三中庸街口,12
KHH501203122,YouBike2.0_中華橫巷力行路口,9
KHH501203123,YouBike2.0_大豐大豐二路19巷口,23
KHH501203124,YouBike2.0_同盟孝順街,18
KHH501203125,YouBike2.0_同盟大連街,12
KHH501203126,YouBike2.0_鐵道建國一路62巷口,10
KHH501203127,YouBike2.0_高雄第一殯儀館(本館路600巷),19
KHH501203128,YouBike2.0_高雄第一殯儀館(家屬服務中心),13
KHH501203129,YouBike2.0_澄清澄明街口,6
KHH501203130,YouBike2.0_建興正忠路口,10
KHH501203131,YouBike2.0_榕樹公園,5
KHH501203132,YouBike2.0_天祥天祥一路142巷口,10
KHH501203133,YouBike2.0_秋元皓東路口,4
KHH501203134,YouBike2.0_同盟合江街口,10
KHH501203135,YouBike2.0_鐵道平等路口,0
KHH501203136,YouBike2.0_灣愛公園,7
KHH501203137,YouBike2.0_三民區民眾活動中心,24
KHH501203138,YouBike2.0_鐵道憲政路138巷口,6
KHH501203139,YouBike2.0_民族自忠街口,11
KHH501203140,YouBike2.0_博愛九如二路口,38
KHH501203141,YouBike2.0_鐵道同盟三路口,13
KHH501203142,YouBike2.0_高雄車站(東南側),65
KHH501203143,YouBike2.0_大順鐵道一街口,25
KHH501203144,YouBike2.0_大順寶興路口,24
KHH501203145,YouBike2.0_同盟興安街口,6
KHH501203146,YouBike2.0_三雅新公園,8
KHH501203147,YouBike2.0_彩虹公園,12
KHH501203148,YouBike2.0_平等九如一路口,0
KHH501203149,YouBike2.0_九如一臥龍路口,4
KHH501203150,YouBike2.0_大豐大裕路202巷口,10
KHH501203151,YouBike2.0_九如二青島街口,1
KHH501203152,YouBike2.0_鐵道克武路31巷口,10
KHH501203153,YouBike2.0_正興建興路口,12
KHH501203154,YouBike2.0_明哲明吉路口,4
KHH501203155,YouBike2.0_九如嫩江街口,10
KHH501203156,YouBike2.0_大中一鼎貴路62巷口,6
KHH501203157,YouBike2.0_同協同盟二路口,11
KHH501203158,YouBike2.0_覺民覺民路852巷口,19
KHH501203159,YouBike2.0_中庸公園,18
KHH501203160,YouBike2.0_鼎強鼎強街117巷(東側),18
KHH501203161,YouBike2.0_美都德勝街(西北側),14
KHH501203162,YouBike2.0_安寧站西路口,6
KHH501204001,YouBike2.0_高雄國際會議中心,16
KHH501204002,YouBike2.0_鹽埕國中,26
KHH501204003,YouBike2.0_捷運鹽埕埔站(1號出口),39
KHH501204004,YouBike2.0_公園大成街口,2
KHH501204005,YouBike2.0_北斗抽水站,14
KHH501204007,YouBike2.0_輕軌真愛碼頭站,34
KHH501204008,YouBike2.0_駁二藝術特區(必信街),12
KHH501204009,YouBike2.0_鹽埕立體停車場,0
KHH501204010,YouBike2.0_新樂截流抽水站,0
KHH501204011,YouBike2.0_輕軌文武聖殿站,7
KHH501204012,YouBike2.0_五福建國路口東南側,5
KHH501204013,YouBike2.0_七賢府北路口西側,5
KHH501204014,YouBike2.0_高雄市音樂館,11
KHH501204015,YouBike2.0_大安公園,9
KHH501204016,YouBike2.0_公園二大義街口,4
KHH501204017,YouBike2.0_公園二大勇路口,12
KHH501204018,YouBike2.0_公園二七賢三路口,12
KHH501204020,YouBike2.0_輕軌駁二蓬萊站,8
KHH501204021,YouBike2.0_大義截流站,16
KHH501204022,YouBike2.0_公園二光榮街口,9
KHH501204023,YouBike2.0_七賢大公路口,6
KHH501204024,YouBike2.0_鹽埕市民廣場,0
KHH501204025,YouBike2.0_建國四河西路口,15
KHH501205001,YouBike2.0_高雄文學館,16
KHH501205003,YouBike2.0_東金公園,16
KHH501205004,YouBike2.0_河南自強路口,3
KHH501205005,YouBike2.0_自強民生路口西北側,9
KHH501205006,YouBike2.0_建國國小,9
KHH501205007,YouBike2.0_中正瑞源路口西南側,9
KHH501205008,YouBike2.0_七賢自強路口,23
KHH501205009,YouBike2.0_中山五福路口西北側,6
KHH501205010,YouBike2.0_五福自強路口東南側,8
KHH501205011,YouBike2.0_高雄女中,32
KHH501205012,YouBike2.0_中山青年路口西北側,16
KHH501205013,YouBike2.0_前金國中,12
KHH501205014,YouBike2.0_光復三市中路口,16
KHH501205015,YouBike2.0_自立河北河南二路口(兩側),10
KHH501205018,YouBike2.0_高雄市救國團,15
KHH501205019,YouBike2.0_高雄市政府警察局,28
KHH501205020,YouBike2.0_高雄女中(英雄路口),30
KHH501205021,YouBike2.0_高雄市立大同醫院,4
KHH501205022,YouBike2.0_七賢河東路口,7
KHH501205023,YouBike2.0_五福仁德街口,11
KHH501205025,YouBike2.0_捷運中央公園站(1號出口),0
KHH501205026,YouBike2.0_捷運前金站(4號出口),17
KHH501205027,YouBike2.0_前金國小(成功路),9
KHH501205028,YouBike2.0_捷運前金站(1號出口),15
KHH501205029,YouBike2.0_七賢成功路口東北側,7
KHH501205030,YouBike2.0_立德棒球場(旺盛街),8
KHH501205033,YouBike2.0_行政院南部聯合服務中心(舊址),12
KHH501205034,YouBike2.0_五福成功一路口,26
KHH501205035,YouBike2.0_河南中華三路口,8
KHH501205036,YouBike2.0_國民市中一路口,13
KHH501205037,YouBike2.0_五福文武二街口,12
KHH501205038,YouBike2.0_河南市中一路口,12
KHH501205039,YouBike2.0_七賢新盛一街口,14
KHH501205040,YouBike2.0_河東光復二街口,20
KHH501205041,YouBike2.0_七賢自立一路口,17
KHH501205042,YouBike2.0_成功光復二街口,21
KHH501206001,YouBike2.0_台鐵鳳山站(曹公路),97
KHH501206002,YouBike2.0_清湖公園,13
KHH501206003,YouBike2.0_捷運鳳山站(1號出口),40
KHH501206004,YouBike2.0_文山兒童四公園,0
KHH501206005,YouBike2.0_捷運鳳山國中站(1號出口),35
KHH501206006,YouBike2.0_鳳山商工(文衡路),10
KHH501206007,YouBike2.0_鎮北國小,4
KHH501206008,YouBike2.0_鳳山區公所,8
KHH501206009,YouBike2.0_文澄兒童公園,14
KHH501206010,YouBike2.0_文享文化西路口,21
KHH501206011,YouBike2.0_保安休憩公園,16
KHH501206012,YouBike2.0_曹公國小,16
KHH501206013,YouBike2.0_鳳山行政中心,14
KHH501206014,YouBike2.0_瑞竹兒童公園,8
KHH501206015,YouBike2.0_捷運大東站(1號出口),50
KHH501206016,YouBike2.0_鳳山運動公園,16
KHH501206017,YouBike2.0_國立鳳新高中(新富路),75
KHH501206018,YouBike2.0_保安濕地公園,6
KHH501206019,YouBike2.0_南和公園,12
KHH501206020,YouBike2.0_衛武營公園,12
KHH501206021,YouBike2.0_瑞隆東同明街口,8
KHH501206022,YouBike2.0_老爺公園,7
KHH501206023,YouBike2.0_五甲社區公園,5
KHH501206024,YouBike2.0_五甲社區公有停車場,8
KHH501206025,YouBike2.0_國光安寧街口,9
KHH501206026,YouBike2.0_安化門遺址,0
KHH501206027,YouBike2.0_黃埔公園,11
KHH501206028,YouBike2.0_瑞興兒童公園,0
KHH501206029,YouBike2.0_鳳陽社區,13
KHH501206030,YouBike2.0_光華安寧街口,11
KHH501206031,YouBike2.0_鳳西羽球館西北側,17
KHH501206032,YouBike2.0_捷運鳳山西站(2號出口),48
KHH501206033,YouBike2.0_和德街公園,12
KHH501206034,YouBike2.0_五甲國中,18
KHH501206035,YouBike2.0_南京南京路326巷口,12
KHH501206036,YouBike2.0_福誠國小,9
KHH501206037,YouBike2.0_五甲公園南側,12
KHH501206038,YouBike2.0_福誠高中,62
KHH501206039,YouBike2.0_自強南進三街口,7
KHH501206040,YouBike2.0_正義里活動中心,2
KHH501206041,YouBike2.0_瑞興國小(博愛路),2
KHH501206042,YouBike2.0_公二十七公園,5
KHH501206043,YouBike2.0_過勇頂庄路口,8
KHH501206044,YouBike2.0_文福兒童公園,5
KHH501206045,YouBike2.0_文德國小,0
KHH501206046,YouBike2.0_武松公園,4
KHH501206047,YouBike2.0_五甲南榮兒童公園,0
KHH501206048,YouBike2.0_南正兒童公園,0
KHH501206049,YouBike2.0_五甲國小,0
KHH501206050,YouBike2.0_五福公園,1
KHH501206051,YouBike2.0_鳳西運動公園(五權南路),55
KHH501206052,YouBike2.0_南和保安一街口,0
KHH501206053,YouBike2.0_富新國慶九街口,4
KHH501206054,YouBike2.0_鳳山區第二衛生所,8
KHH501206055,YouBike2.0_國泰青年路口,5
KHH501206056,YouBike2.0_頂庄頂明路口,7
KHH501206057,YouBike2.0_博愛公園,8
KHH501206058,YouBike2.0_忠孝國中(國興街),21
KHH501206059,YouBike2.0_老爺兒童公園,6
KHH501206060,YouBike2.0_新甲兒童公園,12
KHH501206061,YouBike2.0_二甲里活動中心,1
KHH501206062,YouBike2.0_北平力行路口,0
KHH501206063,YouBike2.0_捷運大東站(2號出口),16
KHH501206064,YouBike2.0_鳳凌廣場,3
KHH501206065,YouBike2.0_市議會(新址),26
KHH501206066,YouBike2.0_鳳山行政中心東側,57
KHH501206067,YouBike2.0_國立鳳新高中(新康街),38
KHH501206068,YouBike2.0_中山公園,18
KHH501206069,YouBike2.0_高雄監理所(武營),12
KHH501206070,YouBike2.0_新甲國小,23
KHH501206071,YouBike2.0_曹公圳公園,8
KHH501206072,YouBike2.0_鳳東公園,4
KHH501206073,YouBike2.0_武漢里活動中心,10
KHH501206074,YouBike2.0_海光兒童公園,1
KHH501206075,YouBike2.0_八仙公園,10
KHH501206076,YouBike2.0_鳳儀書院,0
KHH501206077,YouBike2.0_鳳山公園,6
KHH501206078,YouBike2.0_中崙國中,23
KHH501206079,YouBike2.0_牛潮埔公園,4
KHH501206080,YouBike2.0_五甲社區活動中心,5
KHH501206081,YouBike2.0_北昌北昌三街口,4
KHH501206082,YouBike2.0_新泰兒童公園,9
KHH501206083,YouBike2.0_中正預校,34
KHH501206084,YouBike2.0_過埤兒童公園,2
KHH501206085,YouBike2.0_中崙公園,6
KHH501206086,YouBike2.0_北辰兒童公園,1
KHH501206087,YouBike2.0_協和曹公路口,20
KHH501206088,YouBike2.0_鳳山工業區,1
KHH501206089,YouBike2.0_武慶武昌路口,12
KHH501206090,YouBike2.0_黃埔新村,6
KHH501206091,YouBike2.0_鳳山新城甲社區,6
KHH501206092,YouBike2.0_海風社區公園,8
KHH501206093,YouBike2.0_勝利建國路一段口,6
KHH501206094,YouBike2.0_誠體誠智街口,11
KHH501206095,YouBike2.0_公園二公園街口,4
KHH501206096,YouBike2.0_中山東路5巷口,8
KHH501206097,YouBike2.0_福安二街20巷39弄口,4
KHH501206098,YouBike2.0_和興里活動中心,10
KHH501206099,YouBike2.0_鳳山地政事務所(忠義街),16
KHH501206100,YouBike2.0_中崙國小,4
KHH501206101,YouBike2.0_NO.16藝術公園,0
KHH501206102,YouBike2.0_青年公園,11
KHH501206103,YouBike2.0_鳳翔國中,7
KHH501206104,YouBike2.0_保安二鳳燕一街口,6
KHH501206105,YouBike2.0_新強輜汽路口,12
KHH501206106,YouBike2.0_鳳頂過雄一街口,6
KHH501206107,YouBike2.0_五甲二路730巷口,7
KHH501206108,YouBike2.0_明鳳公園,4
KHH501206109,YouBike2.0_保泰保泰路370巷,2
KHH501206110,YouBike2.0_文教公園,12
KHH501206111,YouBike2.0_文華兒童公園,6
KHH501206112,YouBike2.0_埤頂鳳埤街口,3
KHH501206113,YouBike2.0_建國文英路口,9
KHH501206114,YouBike2.0_瑞光瑞興路口,9
KHH501206115,YouBike2.0_山仔頂溝滯洪池,1
KHH501206116,YouBike2.0_正義國小,4
KHH501206117,YouBike2.0_武林輜汽路口,13
KHH501206118,YouBike2.0_文山公兒三公園,5
KHH501206119,YouBike2.0_鳳山中正國小,13
KHH501206120,YouBike2.0_鳳山公28公園,0
KHH501206121,YouBike2.0_北鳳山區清潔隊,0
KHH501206122,YouBike2.0_青年光華路口,12
KHH501206123,YouBike2.0_鳳甲公兒二公園,6
KHH501206124,YouBike2.0_北門公園,1
KHH501206125,YouBike2.0_八德八德路二段142巷口,11
KHH501206126,YouBike2.0_八德路296巷文衡路口,6
KHH501206127,YouBike2.0_文勇八德路口,0
KHH501206128,YouBike2.0_公兒20公園,16
KHH501206129,YouBike2.0_環河鳳東七街106巷口,3
KHH501206130,YouBike2.0_五甲國中(龍成路),12
KHH501206131,YouBike2.0_六成保南一路口,8
KHH501206132,YouBike2.0_長樂和興街口,10
KHH501206133,YouBike2.0_鳳埤鳳埤街50巷口,4
KHH501206134,YouBike2.0_文福青年路口,19
KHH501206135,YouBike2.0_鳳松博愛路口,5
KHH501206136,YouBike2.0_台鐵鳳山車站(西側),12
KHH501206137,YouBike2.0_勝利工協街口,14
KHH501206138,YouBike2.0_五甲七老爺停車場,4
KHH501206139,YouBike2.0_鳳山高中(文建街),56
KHH501206140,YouBike2.0_海涵紅毛港路口,17
KHH501206141,YouBike2.0_捷運鳳山國中站(3號出口),22
KHH501206142,YouBike2.0_和德街公園(南側),4
KHH501206143,YouBike2.0_家和五偉成街口,2
KHH501206144,YouBike2.0_天天公園,6
KHH501206145,YouBike2.0_中和公園,9
KHH501206146,YouBike2.0_建國青年路口,0
KHH501206147,YouBike2.0_杭州公園,14
KHH501206148,YouBike2.0_環河鳳東三街口,9
KHH501206149,YouBike2.0_福誠一三誠路口,0
KHH501206150,YouBike2.0_富榮公園,8
KHH501206151,YouBike2.0_鳳山日照社福多功能中心,9
KHH501206152,YouBike2.0_警察局鳳山分局,10
KHH501206153,YouBike2.0_國隆國隆路15巷口,14
KHH501206154,YouBike2.0_環河中山東路380巷口,6
KHH501206155,YouBike2.0_保安兒童貨櫃主題公園,14
KHH501206156,YouBike2.0_鳳頂田中央路口,7
KHH501206157,YouBike2.0_維武東六巷口,8
KHH501206158,YouBike2.0_中崙一中崙路口,13
KHH501206159,YouBike2.0_國泰五權南路口,6
KHH501206160,YouBike2.0_南福公園,4
KHH501206161,YouBike2.0_河岸步道,6
KHH501206162,YouBike2.0_牛寮公園,7
KHH501206163,YouBike2.0_和成南一街口,1
KHH501206164,YouBike2.0_五甲公園(福誠三街),6
KHH501206165,YouBike2.0_河堤凱旋路口,23
KHH501206166,YouBike2.0_灣頭南巷公園,5
KHH501206167,YouBike2.0_赤山文衡殿,10
KHH501206168,YouBike2.0_鳳松路綠地,5
KHH501206169,YouBike2.0_建國三文昌街口,3
KHH501206170,YouBike2.0_鳳捷鳳東三街口,7
KHH501206171,YouBike2.0_南京新富路口,17
KHH501206173,YouBike2.0_紅毛港保安堂,8
KHH501206174,YouBike2.0_牛潮埔休閒公園,7
KHH501206175,YouBike2.0_林森天興街口,11
KHH501206176,YouBike2.0_建國文建街口,6
KHH501206177,YouBike2.0_黃埔新村(東四巷),15
KHH501206178,YouBike2.0_文山國小(鳳松路41巷),6
KHH501206179,YouBike2.0_文山國民小學(文和街),6
KHH501206180,YouBike2.0_鳳頂誠東街口(西南側),14
KHH501206181,YouBike2.0_鳳頂國泰路口,12
KHH501206182,YouBike2.0_文正文聖街口,17
KHH501206183,YouBike2.0_五甲公園(福誠五街),13
KHH501206184,YouBike2.0_南京南京路226巷口,4
KHH501206185,YouBike2.0_南正一南和街129巷口,13
KHH501206186,YouBike2.0_過埤國民小學,6
KHH501206187,YouBike2.0_保安二南華一路,13
KHH501207001,YouBike2.0_捷運生態園區站(1號出口),41
KHH501207002,YouBike2.0_微笑公園(文奇路側),16
KHH501207003,YouBike2.0_博愛文奇路口南側,21
KHH501207004,YouBike2.0_左營分局新莊派出所,2
KHH501207005,YouBike2.0_重愛公園(文慈路側),12
KHH501207006,YouBike2.0_微笑公園(崇德路8巷口),6
KHH501207007,YouBike2.0_微笑公園(新庄仔路545巷口),1
KHH501207008,YouBike2.0_榮德公園,3
KHH501207009,YouBike2.0_福山國小,12
KHH501207010,YouBike2.0_華夏西北扶輪公園(重愛路側),13
KHH501207011,YouBike2.0_文藻外語大學正門,15
KHH501207012,YouBike2.0_博愛重立路口南側,10
KHH501207013,YouBike2.0_重仁兒童遊戲場(重仁路50巷口),20
KHH501207014,YouBike2.0_幸福公園(高鐵路側),18
KHH501207015,YouBike2.0_博愛明誠路口東南側,7
KHH501207016,YouBike2.0_龍華國中(靠近自由二路6巷口),0
KHH501207017,YouBike2.0_明誠自由路口(路口三處),14
KHH501207018,YouBike2.0_光興裕誠路口東南側,2
KHH501207019,YouBike2.0_裕誠裕誠472巷口(東西2側),17
KHH501207020,YouBike2.0_裕誠富國路口(路口二處),7
KHH501207021,YouBike2.0_自由自由三路101巷口西北側,3
KHH501207022,YouBike2.0_微笑公園(天祥二路側),8
KHH501207023,YouBike2.0_福山廣場(博愛四路側),12
KHH501207024,YouBike2.0_重平兒童遊戲場,9
KHH501207025,YouBike2.0_自由二路6巷至聖路口東側,9
KHH501207026,YouBike2.0_原生植物園(靠高鐵路側),9
KHH501207027,YouBike2.0_舊城國小(蓮潭路側),5
KHH501207028,YouBike2.0_捷運巨蛋站(5號出口),25
KHH501207029,YouBike2.0_福山公園(榮佑路側),27
KHH501207030,YouBike2.0_捷運生態園區站(2號出口),49
KHH501207031,YouBike2.0_裕誠富民路口東北側,14
KHH501207032,YouBike2.0_大義國中(城峰路側),16
KHH501207033,YouBike2.0_新莊華夏路口北側,13
KHH501207034,YouBike2.0_三民家商(南屏路側),14
KHH501207035,YouBike2.0_三民家商(裕誠路側),24
KHH501207036,YouBike2.0_博愛明華路口東北側,3
KHH501207037,YouBike2.0_文萊崇德路口西北側,9
KHH501207038,YouBike2.0_左營忠信路8巷口西側,0
KHH501207039,YouBike2.0_左營左營大路6巷口西側,17
KHH501207040,YouBike2.0_軍校海功路口西側,12
KHH501207041,YouBike2.0_崇德政德路口,47
KHH501207042,YouBike2.0_左營區公所,17
KHH501207043,YouBike2.0_明潭蓮潭路口東側,13
KHH501207044,YouBike2.0_明誠富民路口(路口四處),9
KHH501207045,YouBike2.0_勝利國小(南屏路側),22
KHH501207046,YouBike2.0_捷運巨蛋站(4號出口),17
KHH501207047,YouBike2.0_果貿公有市場西側,10
KHH501207048,YouBike2.0_華夏兒童遊戲場(華夏路側),20
KHH501207049,YouBike2.0_捷運凹子底站(3號出口),18
KHH501207050,YouBike2.0_明誠富國路口東北側,6
KHH501207051,YouBike2.0_西門遺址公園,39
KHH501207052,YouBike2.0_新光國小(華夏路側),18
KHH501207054,YouBike2.0_左營(舊城)車站,0
KHH501207056,YouBike2.0_果峰中華一路口,37
KHH501207057,YouBike2.0_翠峰果峰街12巷口東側,0
KHH501207058,YouBike2.0_蓮池潭兒童公園南區停車場,9
KHH501207059,YouBike2.0_高鐵重信路口東側,18
KHH501207060,YouBike2.0_捷運巨蛋站(3號出口),41
KHH501207061,YouBike2.0_蓮池潭(高雄物產館),16
KHH501207062,YouBike2.0_辛亥公有停車場,18
KHH501207063,YouBike2.0_河堤公園(明誠二路側),39
KHH501207064,YouBike2.0_左營國小,27
KHH501207065,YouBike2.0_捷運世運站(1號出口),20
KHH501207066,YouBike2.0_世運主場館,27
KHH501207067,YouBike2.0_左營高中,26
KHH501207068,YouBike2.0_高鐵左營站,26
KHH501207069,YouBike2.0_孔營蓮潭路口,28
KHH501207070,YouBike2.0_龍虎塔,14
KHH501207071,YouBike2.0_福山廣場(文川路側),23
KHH501207072,YouBike2.0_臺鐵新左營站,0
KHH501207074,YouBike2.0_榮耀兒童公園,30
KHH501207075,YouBike2.0_自由黃昏市場,2
KHH501207076,YouBike2.0_新光國小(曾子路側),18
KHH501207077,YouBike2.0_新莊高中,42
KHH501207078,YouBike2.0_海青工商,0
KHH501207079,YouBike2.0_合群新城(緯九海景街口),13
KHH501207080,YouBike2.0_富國公園,6
KHH501207081,YouBike2.0_明德國小,7
KHH501207082,YouBike2.0_新民國小,14
KHH501207084,YouBike2.0_福山國中,0
KHH501207085,YouBike2.0_新莊國小,20
KHH501207086,YouBike2.0_文府國中,30
KHH501207087,YouBike2.0_龍華國中(大順一路),28
KHH501207088,YouBike2.0_介壽先鋒路口東南側,0
KHH501207089,YouBike2.0_華夏西北扶輪公園(華夏路側),2
KHH501207090,YouBike2.0_屏山國小,9
KHH501207091,YouBike2.0_大義國中(翠華路側),16
KHH501207092,YouBike2.0_微笑公園(博愛三路50巷口),18
KHH501207093,YouBike2.0_龍華市場(忠言路側),12
KHH501207094,YouBike2.0_文學公園(華夏路側),7
KHH501207095,YouBike2.0_榮光公有停車場,8
KHH501207096,YouBike2.0_文學公園(文學路),11
KHH501207098,YouBike2.0_民族霞海路口,2
KHH501207099,YouBike2.0_博愛重和路口(路口兩處),15
KHH501207100,YouBike2.0_博愛扶輪公園(博愛四路側),13
KHH501207101,YouBike2.0_新民國小(重立路232巷口),7
KHH501207102,YouBike2.0_新民國小(重立路),11
KHH501207103,YouBike2.0_崇實自助社區活動中心,0
KHH501207104,YouBike2.0_自勉公園,7
KHH501207105,YouBike2.0_臺鐵新左營站(站前一街東北側),18
KHH501207106,YouBike2.0_合群新城(海景街),7
KHH501207107,YouBike2.0_合群新城義區(海景街),9
KHH501207108,YouBike2.0_半屏山登山南側步道入口,0
KHH501207109,YouBike2.0_博愛四重仁路口,12
KHH501207110,YouBike2.0_富民太原街口,9
KHH501207111,YouBike2.0_實踐海景街口,11
KHH501207112,YouBike2.0_海功海富路口,10
KHH501207113,YouBike2.0_崇德翠華路口,12
KHH501207114,YouBike2.0_華榮翠華路口,7
KHH501207115,YouBike2.0_菜公公園,20
KHH501207116,YouBike2.0_富國公園(安吉街),7
KHH501207117,YouBike2.0_新莊翠華路口,22
KHH501207118,YouBike2.0_介壽先勝路口,0
KHH501207119,YouBike2.0_新庄仔博愛二路口(東南側),22
KHH501207120,YouBike2.0_蓮潭滑水樂園,10
KHH501207121,YouBike2.0_新莊一文上路口,9
KHH501207122,YouBike2.0_博愛公園(立大路側),16
KHH501207123,YouBike2.0_華夏民族一路口,8
KHH501207124,YouBike2.0_龍德新大順一路口,22
KHH501207125,YouBike2.0_博愛大順一路口(東北側),21
KHH501207126,YouBike2.0_高鐵大中二路口,8
KHH501207127,YouBike2.0_華夏重文街口,15
KHH501207128,YouBike2.0_新莊一新榮街口,6
KHH501207129,YouBike2.0_立中文康路口,9
KHH501207130,YouBike2.0_博愛大中二路口,9
KHH501207132,YouBike2.0_國家運動訓練中心大門,10
KHH501207133,YouBike2.0_華夏南屏路(路口四處),8
KHH501207134,YouBike2.0_新莊華夏路口東南側,12
KHH501207135,YouBike2.0_文府國小(高鐵路),10
KHH501207136,YouBike2.0_微笑公園(文奇路110巷),11
KHH501207138,YouBike2.0_左營舊城派出所,7
KHH501207139,YouBike2.0_華夏重惠街口,10
KHH501207140,YouBike2.0_蓮潭水域運動中心,11
KHH501207141,YouBike2.0_至聖富國路口,13
KHH501207142,YouBike2.0_文川重立路782巷口,14
KHH501207143,YouBike2.0_海平海平路28巷(東北側),7
KHH501207144,YouBike2.0_左營綠園道(文智路),10
KHH501207145,YouBike2.0_軍校和光街24巷口,8
KHH501207146,YouBike2.0_南屏南屏路249巷口,9
KHH501208001,YouBike2.0_時代大道中華路口(西北側),3
KHH501208002,YouBike2.0_捷運凱旋站(3號出口),27
KHH501208003,YouBike2.0_捷運凱旋站(2號出口),23
KHH501208004,YouBike2.0_前鎮地政事務所,10
KHH501208005,YouBike2.0_同安德昌路口,11
KHH501208006,YouBike2.0_前鎮國中(草衙一路),10
KHH501208007,YouBike2.0_捷運草衙站(4號出口),37
KHH501208008,YouBike2.0_港壽崇安街口,8
KHH501208009,YouBike2.0_后安停車場,16
KHH501208010,YouBike2.0_紅毛港國小,9
KHH501208011,YouBike2.0_新光自強路口,14
KHH501208012,YouBike2.0_民裕鄭和南路口(西南側),18
KHH501208013,YouBike2.0_捷運獅甲站(4號出口),23
KHH501208014,YouBike2.0_捷運獅甲站(3號出口),16
KHH501208015,YouBike2.0_前鎮西甲敬老亭,2
KHH501208016,YouBike2.0_中正高工(汕頭街口),18
KHH501208017,YouBike2.0_崗山仔公園,10
KHH501208018,YouBike2.0_高雄廣澤郵局,8
KHH501208019,YouBike2.0_25號綠地公園,9
KHH501208020,YouBike2.0_中正高工(黃埔街口),16
KHH501208021,YouBike2.0_台鋁廣場,16
KHH501208022,YouBike2.0_瑞北停車場,5
KHH501208023,YouBike2.0_瑞祥高中,30
KHH501208024,YouBike2.0_高雄市勞工局,20
KHH501208026,YouBike2.0_前鎮區公所,16
KHH501208027,YouBike2.0_中華復興路口(西南側),30
KHH501208028,YouBike2.0_管仲沱江街口,9
KHH501208029,YouBike2.0_獅甲社區(興仁國中棒球場),16
KHH501208030,YouBike2.0_捷運獅甲站(2號出口),22
KHH501208031,YouBike2.0_中山時代大道口(西北角),19
KHH501208032,YouBike2.0_新光成功路口,27
KHH501208033,YouBike2.0_光華公園,33
KHH501208034,YouBike2.0_夢時代購物中心,13
KHH501208035,YouBike2.0_捷運草衙站(1號出口),23
KHH501208036,YouBike2.0_佛公國小,0
KHH501208037,YouBike2.0_高雄市漁民服務中心,16
KHH501208038,YouBike2.0_捷運前鎮高中站(1號出口),24
KHH501208039,YouBike2.0_原住民故事館,8
KHH501208040,YouBike2.0_中四中一路口,19
KHH501208041,YouBike2.0_中鋼會館,14
KHH501208042,YouBike2.0_朝陽寺,10
KHH501208043,YouBike2.0_前鎮國中,10
KHH501208044,YouBike2.0_五甲公園,17
KHH501208045,YouBike2.0_台鋁廣場(成功二路),26
KHH501208046,YouBike2.0_管仲民裕路口,6
KHH501208047,YouBike2.0_瑞祥高中(凱旋四路),30
KHH501208048,YouBike2.0_民權少康街口,9
KHH501208049,YouBike2.0_興仁國中,12
KHH501208050,YouBike2.0_瑞豐國中,6
KHH501208051,YouBike2.0_輕軌軟體園區站,35
KHH501208052,YouBike2.0_輕軌凱旋中華站,1
KHH501208053,YouBike2.0_新光中山路口,1
KHH501208054,YouBike2.0_中華忠勤路口,20
KHH501208055,YouBike2.0_班超公園,20
KHH501208056,YouBike2.0_二聖公園,20
KHH501208057,YouBike2.0_高雄市政府消防局,24
KHH501208058,YouBike2.0_聖和公園,8
KHH501208059,YouBike2.0_高雄市圖書館總館,24
KHH501208060,YouBike2.0_瑞豐公車總站,9
KHH501208061,YouBike2.0_輕軌凱旋瑞田站,21
KHH501208062,YouBike2.0_輕軌前鎮之星站,22
KHH501208063,YouBike2.0_前鎮民權公園,8
KHH501208064,YouBike2.0_北一路西十一街口,17
KHH501208065,YouBike2.0_高雄加工出口區員工宿舍(車站後街),23
KHH501208066,YouBike2.0_臨加東臨加北路口,13
KHH501208067,YouBike2.0_新正薪醫院,9
KHH501208068,YouBike2.0_前鎮高中(樹人路側),7
KHH501208069,YouBike2.0_康定康定路166巷口,6
KHH501208070,YouBike2.0_漁港草衙二路口,16
KHH501208071,YouBike2.0_國慶明龍街口,2
KHH501208072,YouBike2.0_前鎮圖書館,12
KHH501208073,YouBike2.0_一心和平二路口,19
KHH501208074,YouBike2.0_瑞福路公共停車場,6
KHH501208075,YouBike2.0_英德街公有民營停車場,1
KHH501208076,YouBike2.0_光華國中(和平二路),6
KHH501208077,YouBike2.0_獅甲社區,5
KHH501208078,YouBike2.0_正勤停車場,22
KHH501208079,YouBike2.0_成功特殊教育學校,22
KHH501208080,YouBike2.0_輕軌機廠站,8
KHH501208081,YouBike2.0_輕軌凱旋二聖站,11
KHH501208082,YouBike2.0_林森中華五路口,7
KHH501208083,YouBike2.0_環區一環區四路口,9
KHH501208084,YouBike2.0_瑞崗兒童遊戲場,4
KHH501208085,YouBike2.0_獅甲公園,12
KHH501208086,YouBike2.0_前鎮民權公園(北側),15
KHH501208087,YouBike2.0_捷運三多商圈站(3號出口),31
KHH501208088,YouBike2.0_凱旋一心一路口,20
KHH501208089,YouBike2.0_西山兒童遊戲場,20
KHH501208090,YouBike2.0_凱興凱旺街口,9
KHH501208091,YouBike2.0_高雄軟體園區,42
KHH501208092,YouBike2.0_三多桂林街口,8
KHH501208093,YouBike2.0_鎮東公園,14
KHH501208094,YouBike2.0_育群兒童遊戲場,10
KHH501208095,YouBike2.0_勞工公園,21
KHH501208096,YouBike2.0_廣西梧州街口,1
KHH501208097,YouBike2.0_樂群國小,23
KHH501208098,YouBike2.0_高雄捷運股份有限公司,4
KHH501208099,YouBike2.0_中華中華五路939巷口,8
KHH501208100,YouBike2.0_興東公園,16
KHH501208101,YouBike2.0_漁業廣播電台,6
KHH501208102,YouBike2.0_時代大道時代南二路口,12
KHH501208103,YouBike2.0_瑞南公園(瑞南街),8
KHH501208104,YouBike2.0_文小九公園(鎮東五街),8
KHH501208105,YouBike2.0_興仁公園(興旺路),20
KHH501208106,YouBike2.0_民瑞中山三路口,15
KHH501208107,YouBike2.0_光華鄭和南路口,11
KHH501208108,YouBike2.0_籬仔內公園,17
KHH501208109,YouBike2.0_翠亨北漁港路口,10
KHH501208110,YouBike2.0_瑞祥高中(忠誠路),20
KHH501208111,YouBike2.0_修文一心二路口,10
KHH501208112,YouBike2.0_漁港南一興漁三路口,18
KHH501208113,YouBike2.0_環區一南二路口,11
KHH501208114,YouBike2.0_環區四南二路口,16
KHH501208115,YouBike2.0_臨海工業區前鎮園區公園,8
KHH501208116,YouBike2.0_鎮興鎮昌五巷口,3
KHH501208117,YouBike2.0_瑞和兒童遊戲場,6
KHH501208118,YouBike2.0_允棟公園,0
KHH501208119,YouBike2.0_漁港德昌路口,4
KHH501208121,YouBike2.0_明正公園,5
KHH501208122,YouBike2.0_鎮華鎮洲路口,14
KHH501208123,YouBike2.0_捷運草衙站(2號出口),17
KHH501208124,YouBike2.0_瑞興兒童遊戲場,3
KHH501208125,YouBike2.0_新明德西社區公園,7
KHH501208127,YouBike2.0_明鳳三號公園,14
KHH501208128,YouBike2.0_新生臨水南路(南側),16
KHH501208129,YouBike2.0_高雄展覽館,21
KHH501209001,YouBike2.0_捷運巨蛋站(2號出口),38
KHH501209002,YouBike2.0_龍華國小,8
KHH501209003,YouBike2.0_明誠馬卡道路口(東南側),11
KHH501209004,YouBike2.0_明誠裕國街口,6
KHH501209005,YouBike2.0_博愛大順路口,15
KHH501209006,YouBike2.0_小鹿公園,19
KHH501209007,YouBike2.0_民康兒童公園,10
KHH501209008,YouBike2.0_捷運凹子底站(4號出口),85
KHH501209009,YouBike2.0_美術東四美術北五街口(北側),0
KHH501209010,YouBike2.0_內惟公園(新疆路側),13
KHH501209011,YouBike2.0_凹子底森林公園(龍德路側),22
KHH501209012,YouBike2.0_凹子底森林公園(明誠三路側),16
KHH501209013,YouBike2.0_華榮慶豐路口,11
KHH501209014,YouBike2.0_中華一路161巷口,9
KHH501209015,YouBike2.0_逢甲翠華路397巷口(東南側),6
KHH501209016,YouBike2.0_青海美術東二路口(西北側),15
KHH501209017,YouBike2.0_美術東四美術東七街口(東北側),9
KHH501209018,YouBike2.0_美術東二明誠路口(西南側),7
KHH501209019,YouBike2.0_皮克尼克公園,21
KHH501209020,YouBike2.0_鼓山高中,31
KHH501209021,YouBike2.0_青海九如路口(東北側),10
KHH501209022,YouBike2.0_哨船安海街口(東側),8
KHH501209023,YouBike2.0_捷運哈瑪星站(2號出口),9
KHH501209024,YouBike2.0_濱海臨海路口(西南側),22
KHH501209025,YouBike2.0_哨船頭公園,6
KHH501209026,YouBike2.0_捷運哈瑪星站(1號出口),1
KHH501209027,YouBike2.0_中華藝校(美術東一路),18
KHH501209028,YouBike2.0_鼓山分局新濱派出所,17
KHH501209029,YouBike2.0_華榮公園,22
KHH501209030,YouBike2.0_凹子底森林公園(神農路),6
KHH501209031,YouBike2.0_凹子底森林公園(至聖路),24
KHH501209032,YouBike2.0_西子灣風景區,20
KHH501209033,YouBike2.0_南屏大順路口,19
KHH501209034,YouBike2.0_青海鼓山路口,6
KHH501209035,YouBike2.0_哈瑪星鐵道文化園區(臨海新路),25
KHH501209036,YouBike2.0_一號船渠景觀橋,15
KHH501209037,YouBike2.0_願景橋,24
KHH501209038,YouBike2.0_雄峰公園,5
KHH501209039,YouBike2.0_中山大學社科院,29
KHH501209040,YouBike2.0_中山大學海工館,26
KHH501209041,YouBike2.0_明誠高中(華寧路),14
KHH501209042,YouBike2.0_鼓山國小(臨海二路),9
KHH501209043,YouBike2.0_龍勝大順路口,6
KHH501209044,YouBike2.0_厚泰公有停車場西側,7
KHH501209045,YouBike2.0_鼓山鼓山一路119巷口,8
KHH501209046,YouBike2.0_台鐵美術館車站,22
KHH501209047,YouBike2.0_富農龍勝路口,4
KHH501209048,YouBike2.0_明誠高中(中華一路),25
KHH501209049,YouBike2.0_輕軌內惟藝術中心,20
KHH501209050,YouBike2.0_中華一路828號南側,0
KHH501209051,YouBike2.0_中山大學工學院,23
KHH501209052,YouBike2.0_中山大學圖資大樓,22
KHH501209053,YouBike2.0_中華美術北三路口北側,11
KHH501209054,YouBike2.0_中山大學材料大樓,27
KHH501209055,YouBike2.0_裕興華泰路185巷口,1
KHH501209056,YouBike2.0_裕誠美術館路口,3
KHH501209057,YouBike2.0_鼓山區戶政事務所第二辦公處,0
KHH501209058,YouBike2.0_裕誠富農路口,3
KHH501209059,YouBike2.0_南屏神農路口,14
KHH501209060,YouBike2.0_西藏翠華路口,20
KHH501209061,YouBike2.0_中華郵政前峰郵局,8
KHH501209062,YouBike2.0_鼓山國小(登山街),6
KHH501209063,YouBike2.0_明華國中(南屏路),9
KHH501209064,YouBike2.0_雄峰公園(鼓山三路),4
KHH501209065,YouBike2.0_河邊興隆路口,2
KHH501209066,YouBike2.0_美術東二美術北三路口,2
KHH501209067,YouBike2.0_綠川河川街口,3
KHH501209068,YouBike2.0_翠華日昌路口,16
KHH501209069,YouBike2.0_中山大學體育館,62
KHH501209070,YouBike2.0_中山大學西灣藝廊,14
KHH501209071,YouBike2.0_中山大學海資館,15
KHH501209072,YouBike2.0_龍德新自由一路口,2
KHH501209073,YouBike2.0_青海公園,6
KHH501209074,YouBike2.0_輕軌馬卡道站,9
KHH501209075,YouBike2.0_內惟國小(鼓山三路),7
KHH501209076,YouBike2.0_高雄市立圖書館鼓山分館,19
KHH501209077,YouBike2.0_前峰兒童遊戲場,7
KHH501209078,YouBike2.0_中華一青海路口,7
KHH501209079,YouBike2.0_內惟車站(翠華路),20
KHH501209080,YouBike2.0_內惟車站(馬卡道路),17
KHH501209081,YouBike2.0_翠華葆楨路口,7
KHH501209082,YouBike2.0_鼓山三路桃子園路,18
KHH501209083,YouBike2.0_中華翠華路口,18
KHH501209084,YouBike2.0_美術北三馬卡道路口,18
KHH501209085,YouBike2.0_鼓山車站,9
KHH501209086,YouBike2.0_龍德新新順路口,4
KHH501209087,YouBike2.0_七賢國中(美術東四路),38
KHH501209088,YouBike2.0_壽山國中,13
KHH501209089,YouBike2.0_棧貳庫,17
KHH501209090,YouBike2.0_富農龍德路口,9
KHH501209091,YouBike2.0_美術東四美術東一路口,12
KHH501209092,YouBike2.0_內惟公園(九如四路側),6
KHH501209093,YouBike2.0_大榮高中,15
KHH501209094,YouBike2.0_青海美術東四路口,9
KHH501209095,YouBike2.0_中華美明路口,12
KHH501209096,YouBike2.0_鼓山鼓山三路209巷口,7
KHH501209097,YouBike2.0_鼓山鼓山三路153巷口,7
KHH501209098,YouBike2.0_壽山動物園停車場,3
KHH501209099,YouBike2.0_大港倉,13
KHH501209100,YouBike2.0_鼓山鼓山三路101巷口,6
KHH501209101,YouBike2.0_翠華九如四路口,10
KHH501209102,YouBike2.0_河西龍水一街口,10
KHH501209103,YouBike2.0_裕誠民利街口,1
KHH501209104,YouBike2.0_新濱町海洋廚房,3
KHH501209105,YouBike2.0_美術南二美術南三路,17
KHH501210001,YouBike2.0_捷運世運站(2號出口),12
KHH501210002,YouBike2.0_捷運油廠國小站(2號出口),29
KHH501210003,YouBike2.0_歡樂17停車場,0
KHH501210004,YouBike2.0_七號公園(加昌路側),7
KHH501210005,YouBike2.0_加昌兒童遊戲場,5
KHH501210006,YouBike2.0_大學西路口(第一綜合大樓),19
KHH501210007,YouBike2.0_藍田公園(高雄大學路側),8
KHH501210008,YouBike2.0_土庫清豐二路口東北側,23
KHH501210009,YouBike2.0_楠梓國小,13
KHH501210010,YouBike2.0_楠梓區公所,10
KHH501210011,YouBike2.0_楠陽國小,13
KHH501210012,YouBike2.0_高雄少年及家事法院,13
KHH501210013,YouBike2.0_惠民里集會所,12
KHH501210014,YouBike2.0_惠民公有停車場,1
KHH501210015,YouBike2.0_仁昌里公園,8
KHH501210016,YouBike2.0_德民藍昌路口東側,6
KHH501210017,YouBike2.0_加昌國小(智群路側),11
KHH501210018,YouBike2.0_榮新加昌路口南側,0
KHH501210019,YouBike2.0_捷運都會公園站(3號出口),15
KHH501210020,YouBike2.0_高雄都會公園(德民路側),5
KHH501210021,YouBike2.0_後勁公園,34
KHH501210022,YouBike2.0_楠梓和平公園,13
KHH501210023,YouBike2.0_捷運楠梓科技園區站(2號出口),16
KHH501210024,YouBike2.0_翠屏里活動中心(德賢路530巷口),20
KHH501210025,YouBike2.0_普同精舍,18
KHH501210026,YouBike2.0_德民路356巷德賢路口西北側,5
KHH501210027,YouBike2.0_楠梓高中,52
KHH501210028,YouBike2.0_清豐公園,6
KHH501210029,YouBike2.0_清豐公有停車場,6
KHH501210030,YouBike2.0_幸福新城,14
KHH501210031,YouBike2.0_秀群加宏路口東側,5
KHH501210032,YouBike2.0_右昌元帥府,1
KHH501210033,YouBike2.0_右昌國中,27
KHH501210034,YouBike2.0_捷運楠梓科技園區站(1號出口),2
KHH501210035,YouBike2.0_加昌國小,15
KHH501210036,YouBike2.0_捷運都會公園站(4號出口),18
KHH501210037,YouBike2.0_國立高雄科技大學第一校區,19
KHH501210038,YouBike2.0_高雄市立圖書館右昌分館,0
KHH501210039,YouBike2.0_高雄大學,29
KHH501210040,YouBike2.0_市立中山高級中學(藍田路側),51
KHH501210041,YouBike2.0_高雄市區監理所,12
KHH501210042,YouBike2.0_德賢德惠路口西北側,6
KHH501210043,YouBike2.0_捷運後勁站(1號出口),14
KHH501210044,YouBike2.0_臺灣高雄少年及家事法院(常順街),6
KHH501210045,YouBike2.0_清豐土庫路口,12
KHH501210046,YouBike2.0_七號公園(加宏路側),14
KHH501210047,YouBike2.0_國昌國中,20
KHH501210048,YouBike2.0_捷運油廠國小站(1號出口),18
KHH501210049,YouBike2.0_翠屏兒童遊戲場,2
KHH501210050,YouBike2.0_楠梓車站,20
KHH501210051,YouBike2.0_高雄大學理學院南側,9
KHH501210052,YouBike2.0_高雄大學社科院西側,13
KHH501210053,YouBike2.0_高雄大學第一宿舍東側,45
KHH501210054,YouBike2.0_高雄大學(大學西路側),62
KHH501210055,YouBike2.0_楠梓區九號公園,0
KHH501210056,YouBike2.0_益群橋東南側,9
KHH501210057,YouBike2.0_榮新公園西南側,7
KHH501210058,YouBike2.0_樂活公園(大學二十六街),8
KHH501210059,YouBike2.0_大學二十一路公園,5
KHH501210060,YouBike2.0_外環西加昌路口,8
KHH501210061,YouBike2.0_外環西創意南路口,11
KHH501210062,YouBike2.0_創新公園,13
KHH501210063,YouBike2.0_立民公有停車場,14
KHH501210064,YouBike2.0_高雄市立圖書館楠仔坑分館,16
KHH501210065,YouBike2.0_清福公園,0
KHH501210066,YouBike2.0_楠梓游泳池,14
KHH501210067,YouBike2.0_新建南新開發路口,30
KHH501210068,YouBike2.0_中央開發路口,5
KHH501210069,YouBike2.0_經六開發路口,9
KHH501210070,YouBike2.0_研發創意北路口,20
KHH501210071,YouBike2.0_中央中三街口,17
KHH501210072,YouBike2.0_國昌里公園,9
KHH501210073,YouBike2.0_世運大道,6
KHH501210074,YouBike2.0_德富德富街286巷口,13
KHH501210075,YouBike2.0_楠梓路1巷楠梓路口,1
KHH501210076,YouBike2.0_芎蕉公園,10
KHH501210077,YouBike2.0_大學三十二街公園,3
KHH501210078,YouBike2.0_大學西大學十街口,0
KHH501210079,YouBike2.0_高雄科大第一西校區游泳池,9
KHH501210080,YouBike2.0_高雄科大第一東校區財金學院,15
KHH501210083,YouBike2.0_右昌國小(後昌路),14
KHH501210084,YouBike2.0_右昌森林公園(後昌新路58巷),12
KHH501210085,YouBike2.0_下鹽田三欉榕公園(大學十一街),12
KHH501210086,YouBike2.0_援中德中路口(西南側),0
KHH501210087,YouBike2.0_盛泰公園,0
KHH501210088,YouBike2.0_高雄大學管理學院,34
KHH501210089,YouBike2.0_高雄大學(大學南路側),1
KHH501210090,YouBike2.0_鳳楠經建路口,11
KHH501210091,YouBike2.0_大昌無菸公園,8
KHH501210092,YouBike2.0_廣昌公園,13
KHH501210093,YouBike2.0_楠梓特殊學校,12
KHH501210094,YouBike2.0_創新芎林一街口,9
KHH501210095,YouBike2.0_高雄大學行政大樓,16
KHH501210096,YouBike2.0_援中港濕地公園,9
KHH501210097,YouBike2.0_中和兒童公園,11
KHH501210098,YouBike2.0_宏昌兒童遊戲場(加宏路191巷),4
KHH501210099,YouBike2.0_惠智惠勇街口,5
KHH501210100,YouBike2.0_大學援中路68巷口,7
KHH501210101,YouBike2.0_愛國超市(德賢店),1
KHH501210102,YouBike2.0_高雄大學活動中心,17
KHH501210103,YouBike2.0_金富金和街口,4
KHH501210104,YouBike2.0_經一東三街口,9
KHH501210105,YouBike2.0_莒光國小(後昌路782巷),9
KHH501210106,YouBike2.0_楠梓文中足球場,6
KHH501210107,YouBike2.0_楠梓國中,19
KHH501210108,YouBike2.0_土庫公園,8
KHH501210109,YouBike2.0_都會公園停車場(德民路),7
KHH501210110,YouBike2.0_惠義惠心街口,10
KHH501210111,YouBike2.0_援中大學十七街口,3
KHH501210112,YouBike2.0_中山高級中學(藍昌路側),28
KHH501210113,YouBike2.0_內環南經五路口,5
KHH501210114,YouBike2.0_經四開發路口,6
KHH501210115,YouBike2.0_中三經五路口,16
KHH501210116,YouBike2.0_後勁鳳屏宮,6
KHH501210117,YouBike2.0_新經一東六街口,14
KHH501210118,YouBike2.0_惠正惠誠街口,18
KHH501210119,YouBike2.0_捷運油廠國小(4號出口),42
KHH501210120,YouBike2.0_後勁宿舍(後昌路),37
KHH501210121,YouBike2.0_樂群秀群路457巷口,2
KHH501210122,YouBike2.0_國昌國中(智昌街),17
KHH501210123,YouBike2.0_經三中二街口,12
KHH501210124,YouBike2.0_楠梓高中(土庫六路側),15
KHH501210125,YouBike2.0_高楠惠心街口,21
KHH501210126,YouBike2.0_廣昌廣昌街175巷口,3
KHH501210127,YouBike2.0_卓越芎蕉二街口,12
KHH501210128,YouBike2.0_健仁醫院,15
KHH501210129,YouBike2.0_援中大學東路口,0
KHH501210130,YouBike2.0_土庫土庫八街385巷口(西北側),7
KHH501210131,YouBike2.0_惠勇三角公園(南側),15
KHH501210132,YouBike2.0_海專瑞屏路82巷口(南側),9
KHH501210133,YouBike2.0_新昌新昌街40巷口,5
KHH501210134,YouBike2.0_後昌兒童遊戲場,4
KHH501210135,YouBike2.0_青埔溝生態童玩公園,9
KHH501210136,YouBike2.0_海專德民路口(西北側),14
KHH501210137,YouBike2.0_芎林七芎蕉五街(南側),13
KHH501210138,YouBike2.0_後昌慶昌街(東北側),5
KHH501210139,YouBike2.0_高楠公路1711巷口,14
KHH501210140,YouBike2.0_隆昌休閒公園,12
KHH501210141,YouBike2.0_瑞仁瑞仁路76巷口,7
KHH501211001,YouBike2.0_高雄科技大學旗津校區,27
KHH501211002,YouBike2.0_高雄市立旗津醫院(旗港路),10
KHH501211003,YouBike2.0_中洲渡輪船站,0
KHH501211004,YouBike2.0_旗津漁港公有停車場,7
KHH501211005,YouBike2.0_旗津貝殼館,10
KHH501211006,YouBike2.0_旗津海水浴場,8
KHH501211007,YouBike2.0_旗津海岸公園停車場,19
KHH501211008,YouBike2.0_上竹公園,5
KHH501211009,YouBike2.0_勞動女性紀念公園(旗津三路),10
KHH501211010,YouBike2.0_旗津中洲二路口,5
KHH501211012,YouBike2.0_中洲三復興三路口(西北側),5
KHH501212001,YouBike2.0_宏平大鵬路口,16
KHH501212002,YouBike2.0_捷運小港站(2號出口),5
KHH501212003,YouBike2.0_捷運小港站(1號出口),3
KHH501212004,YouBike2.0_德平街兒童遊戲場,1
KHH501212005,YouBike2.0_高雄公園(中山四路),12
KHH501212006,YouBike2.0_大業北二苓路口,3
KHH501212007,YouBike2.0_合作公園(金城路),16
KHH501212008,YouBike2.0_合作公園(勝安街),9
KHH501212009,YouBike2.0_中山國中(漢民路),15
KHH501212010,YouBike2.0_高雄宏平郵局,6
KHH501212011,YouBike2.0_漢民公園(漢民路),27
KHH501212012,YouBike2.0_華立兒童公園,6
KHH501212013,YouBike2.0_高餐大附中,34
KHH501212014,YouBike2.0_高雄市社教館,19
KHH501212015,YouBike2.0_捷運高雄國際機場站(1號出口),19
KHH501212016,YouBike2.0_捷運小港站(4號出口),27
KHH501212017,YouBike2.0_平和路公共停車場,19
KHH501212018,YouBike2.0_翠平公園,0
KHH501212019,YouBike2.0_步道公園,6
KHH501212020,YouBike2.0_空中大學,23
KHH501212021,YouBike2.0_桂陽公園,18
KHH501212022,YouBike2.0_臨海兒童公園,4
KHH501212023,YouBike2.0_中鋼台船,57
KHH501212024,YouBike2.0_小港醫院,23
KHH501212025,YouBike2.0_小港森林公園(華山路),7
KHH501212026,YouBike2.0_小港區公所,7
KHH501212027,YouBike2.0_山明北林路口,3
KHH501212028,YouBike2.0_小港森林公園(高松路),7
KHH501212029,YouBike2.0_小港森林公園(近營口路),4
KHH501212030,YouBike2.0_中安保華一路口,7
KHH501212031,YouBike2.0_高雄市立圖書館小港分館,1
KHH501212032,YouBike2.0_明義國中(高鳳路),10
KHH501212033,YouBike2.0_莿蔥腳濕地公園,3
KHH501212034,YouBike2.0_中光街22巷口停車場,16
KHH501212035,YouBike2.0_崇本崇明街10巷口,5
KHH501212036,YouBike2.0_大坪頂公園,8
KHH501212037,YouBike2.0_坪頂國小,3
KHH501212038,YouBike2.0_高雄市熱帶植物園,7
KHH501212039,YouBike2.0_松崗停車場,1
KHH501212040,YouBike2.0_高坪五十路口,6
KHH501212041,YouBike2.0_天順港福街29巷口,0
KHH501212043,YouBike2.0_捷運小港站(3號出口),30
KHH501212044,YouBike2.0_泰山兒童遊戲場,0
KHH501212045,YouBike2.0_小港森林公園(秀峰街),28
KHH501212046,YouBike2.0_宏平沿海一路口,5
KHH501212047,YouBike2.0_宏光宏智街口,3
KHH501212048,YouBike2.0_餐旅大學(松信路),37
KHH501212049,YouBike2.0_台機大地街口,29
KHH501212050,YouBike2.0_孔宅兒童遊戲場,7
KHH501212051,YouBike2.0_宏平金府路口,4
KHH501212052,YouBike2.0_店鎮公園,10
KHH501212053,YouBike2.0_中安德仁路口,8
KHH501212054,YouBike2.0_高坪高坪二十二路口,8
KHH501212055,YouBike2.0_大苓里公園,6
KHH501212056,YouBike2.0_廈莊兒童公園,1
KHH501212057,YouBike2.0_漢民宮安街口,15
KHH501212058,YouBike2.0_永忠兒童遊戲場,7
KHH501212059,YouBike2.0_松樂松光街95巷口,11
KHH501212060,YouBike2.0_孔鳳兒童遊戲場,1
KHH501212061,YouBike2.0_桂林兒童遊戲場,0
KHH501212062,YouBike2.0_小港國中,20
KHH501212063,YouBike2.0_中安桂平街口,7
KHH501212064,YouBike2.0_孔宅綠園,6
KHH501212065,YouBike2.0_新豐兒童遊戲場,10
KHH501212066,YouBike2.0_港興兒童遊戲場,3
KHH501212067,YouBike2.0_東亞南路綠帶公園,10
KHH501212068,YouBike2.0_港明兒童遊戲場,5
KHH501212069,YouBike2.0_松山公園,2
KHH501212070,YouBike2.0_山東公園,0
KHH501212071,YouBike2.0_山明公園,11
KHH501212072,YouBike2.0_達德漢威街口,3
KHH501212073,YouBike2.0_中鋼北門,29
KHH501212074,YouBike2.0_松金兒童遊戲場,7
KHH501212075,YouBike2.0_坪兒兒童遊戲場,11
KHH501212076,YouBike2.0_六苓兒童遊戲場,10
KHH501212077,YouBike2.0_鳳鳴國小,11
KHH501212078,YouBike2.0_鳳林國中,7
KHH501212079,YouBike2.0_鳳林國小,9
KHH501212080,YouBike2.0_港信港源街口,9
KHH501213001,YouBike2.0_蚵仔寮觀光魚市,10
KHH501213002,YouBike2.0_蚵寮國中,7
KHH501213003,YouBike2.0_中正港六街口,9
KHH501213004,YouBike2.0_蚵寮國小,8
KHH501213005,YouBike2.0_梓官國小,9
KHH501213006,YouBike2.0_梓平公園,6
KHH501213007,YouBike2.0_梓和公園,7
KHH501213008,YouBike2.0_梓官老人日照中心,6
KHH501213009,YouBike2.0_大舍南大舍南路96巷口,9
KHH501213010,YouBike2.0_梓信社區活動中心,11
KHH501213011,YouBike2.0_信蚵里社區聯合活動中心,9
KHH501213012,YouBike2.0_赤東社區活動中心,10
KHH501213013,YouBike2.0_赤崁老人活動中心,10
KHH501214001,YouBike2.0_後備指揮部,10
KHH501214002,YouBike2.0_古文物公園,6
KHH501214003,YouBike2.0_慈惠公園,12
KHH501214004,YouBike2.0_竹後國小,13
KHH501214005,YouBike2.0_仁慈公園,7
KHH501214006,YouBike2.0_北屋滯洪公園,12
KHH501214007,YouBike2.0_承德公園,6
KHH501214008,YouBike2.0_八卦國小,2
KHH501214009,YouBike2.0_八德停車場,10
KHH501214010,YouBike2.0_高楠五高楠四街口,10
KHH501214011,YouBike2.0_仁和公園,15
KHH501214012,YouBike2.0_大灣國中,10
KHH501214013,YouBike2.0_八卦休閒公園,0
KHH501214015,YouBike2.0_仁武區運動公園,9
KHH501214016,YouBike2.0_八卦里滯洪公園,10
KHH501214017,YouBike2.0_霞海東二霞海中街口,7
KHH501214018,YouBike2.0_育才公21停車場,6
KHH501214019,YouBike2.0_勇全赤誠街口,8
KHH501214020,YouBike2.0_八德一八德中路口,12
KHH501214021,YouBike2.0_澄合段停九停車場,5
KHH501214022,YouBike2.0_文武公園,6
KHH501214023,YouBike2.0_中華里活動中心,3
KHH501214024,YouBike2.0_仁和南中正路口,8
KHH501214025,YouBike2.0_高鐵左營基地,11
KHH501214026,YouBike2.0_八德東八德南路口,10
KHH501214027,YouBike2.0_八德重劃公園,3
KHH501214028,YouBike2.0_九番埤濕地公園,11
KHH501214029,YouBike2.0_霞海榮總路522巷口,8
KHH501214030,YouBike2.0_八卦里公有停車場,8
KHH501214031,YouBike2.0_仁林中華路口,40
KHH501214032,YouBike2.0_九番埤濕地公園(霞海南二街),9
KHH501214033,YouBike2.0_大灣綜合活動中心,9
KHH501214034,YouBike2.0_後安羽球館,13
KHH501214035,YouBike2.0_仁武文學公園,12
KHH501214036,YouBike2.0_考潭巡守隊(成功路),3
KHH501214037,YouBike2.0_灣內社區活動中心,6
KHH501214038,YouBike2.0_八卦休閒公園(八德北路),0
KHH501214039,YouBike2.0_慈惠公園(仁雄路),20
KHH501214040,YouBike2.0_八德永和一街口,10
KHH501214041,YouBike2.0_八德西八德中路口,0
KHH501214042,YouBike2.0_八德東澄德路口,11
KHH501214043,YouBike2.0_環湖仁安三巷口(東側),9
KHH501214044,YouBike2.0_觀音湖風景區停車場,12
KHH501214045,YouBike2.0_觀音湖福德殿,10
KHH501214046,YouBike2.0_仁勇赤吉街(西側),17
KHH501214048,YouBike2.0_福氣運動中心,8
KHH501215001,YouBike2.0_林園行政中心,14
KHH501215002,YouBike2.0_幸福公園,4
KHH501215003,YouBike2.0_中芸國小,5
KHH501215004,YouBike2.0_林園區衛生所,6
KHH501215005,YouBike2.0_王公國小,5
KHH501215006,YouBike2.0_清水巖榕樹休憩公園,6
KHH501215007,YouBike2.0_漁港公園,6
KHH501215008,YouBike2.0_海洋濕地公園,11
KHH501215009,YouBike2.0_田中央公園,6
KHH501215010,YouBike2.0_沿海工業一路口,15
KHH501215011,YouBike2.0_汕尾地區聯合社區活動中心,6
KHH501215012,YouBike2.0_爐濟殿公園,9
KHH501215013,YouBike2.0_林園五塊厝兒童公園,7
KHH501215014,YouBike2.0_林園三庄三元殿,9
KHH501215015,YouBike2.0_仁愛休閒公園,6
KHH501215016,YouBike2.0_溪州公園,9
KHH501215017,YouBike2.0_林園大安公園,5
KHH501215018,YouBike2.0_中芸國中,7
KHH501215020,YouBike2.0_港埔國小,9
KHH501216001,YouBike2.0_醒村(後門),11
KHH501216002,YouBike2.0_河華岡山路口南側,37
KHH501216003,YouBike2.0_岡山國中(岡燕路),15
KHH501216004,YouBike2.0_岡山公園(壽華路側),12
KHH501216005,YouBike2.0_岡山高中,99
KHH501216006,YouBike2.0_仁壽橋(溪東路側),18
KHH501216007,YouBike2.0_第六河川局,6
KHH501216008,YouBike2.0_仁壽橋(阿公店路二段側),7
KHH501216009,YouBike2.0_岡山和平公園,8
KHH501216011,YouBike2.0_岡山國中(大德二路側),21
KHH501216012,YouBike2.0_岡山區戶政事務所,0
KHH501216013,YouBike2.0_岡山河堤公園(仁義路側),10
KHH501216014,YouBike2.0_岡山稽徵所(健鷹南路側),9
KHH501216015,YouBike2.0_勵志新城(岡山路側),9
KHH501216016,YouBike2.0_岡山文化中心停車場,23
KHH501216017,YouBike2.0_中華民國空軍第三後勤指揮部,8
KHH501216018,YouBike2.0_航空教育展示館,6
KHH501216019,YouBike2.0_台灣滷味博物館停車場,4
KHH501216020,YouBike2.0_捷運岡山車站(2號出口),37
KHH501216021,YouBike2.0_捷運岡山高醫站(2號出口),12
KHH501216022,YouBike2.0_岡山國小,13
KHH501216023,YouBike2.0_河華前峰路口,18
KHH501216024,YouBike2.0_岡山平面停車場,2
KHH501216025,YouBike2.0_典寶溪A區滯洪池,4
KHH501216026,YouBike2.0_大遼友情路口(西北側),4
KHH501216027,YouBike2.0_前峰國中,8
KHH501216028,YouBike2.0_竹圍國小,1
KHH501216029,YouBike2.0_光潭路134巷光潭路116巷口,9
KHH501216030,YouBike2.0_空軍軍史館,15
KHH501216031,YouBike2.0_鹽埔農村社區活動中心,8
KHH501216032,YouBike2.0_典寶溪A區滯洪池(清水路),13
KHH501216033,YouBike2.0_岡山陽明公園,5
KHH501216034,YouBike2.0_河華壽華路口,18
KHH501216035,YouBike2.0_夢-飛翔公園,15
KHH501216036,YouBike2.0_前峰國小,15
KHH501216037,YouBike2.0_正氣兒童公園,7
KHH501216039,YouBike2.0_本洲里活動中心,9
KHH501216040,YouBike2.0_壽天國小,13
KHH501216041,YouBike2.0_台上里活動中心,13
KHH501216042,YouBike2.0_岡山文化中心(後門),27
KHH501216043,YouBike2.0_華崗休憩公園,12
KHH501216044,YouBike2.0_嘉興國小,5
KHH501216045,YouBike2.0_岡山和平公園(大德一路),11
KHH501216046,YouBike2.0_河堤懷德路口,10
KHH501216047,YouBike2.0_河堤大仁南路口,12
KHH501216048,YouBike2.0_和平中和平三街口,13
KHH501216049,YouBike2.0_中山北忠誠街口,8
KHH501216050,YouBike2.0_嘉新支線綠帶公園,6
KHH501216051,YouBike2.0_河堤文化二街30巷口,9
KHH501216052,YouBike2.0_岡山寵物公園兒童遊戲場,11
KHH501216053,YouBike2.0_岡山河堤公園(筧橋路側),5
KHH501216054,YouBike2.0_福興宮福德祠,11
KHH501216055,YouBike2.0_典寶溪B區滯洪池,11
KHH501216056,YouBike2.0_協和協和路1巷口,14
KHH501216057,YouBike2.0_岡山國小灣裡分校,8
KHH501216058,YouBike2.0_捷運岡山車站(1號出口),26
KHH501216059,YouBike2.0_捷運岡山高醫(1號出口),40
KHH501216060,YouBike2.0_台上公園,11
KHH501216061,YouBike2.0_平和鐵道巷口,12
KHH501216062,YouBike2.0_富貴公園,7
KHH501216063,YouBike2.0_岡山車站跨站天橋後站,17
KHH501216064,YouBike2.0_國軍左營總醫院岡山分院,16
KHH501216065,YouBike2.0_岡山長老教會,13
KHH501216066,YouBike2.0_民族民族路11巷口,4
KHH501216067,YouBike2.0_岡山阿公店路二段,8
KHH501216068,YouBike2.0_竹圍西大全街11巷口,10
KHH501216071,YouBike2.0_壽峰橋(阿公店路二段),14
KHH501216072,YouBike2.0_巨輪協和路口,15
KHH501216073,YouBike2.0_嘉興國中,13
KHH501217001,YouBike2.0_興達港情人碼頭,8
KHH501217002,YouBike2.0_興達港立體停車場,2
KHH501217004,YouBike2.0_茄萣海岸公園,6
KHH501217005,YouBike2.0_仁愛港東街口,3
KHH501217006,YouBike2.0_茄萣濕地遊客中心,4
KHH501217007,YouBike2.0_茄萣國中,8
KHH501217008,YouBike2.0_興達平面停車場,10
KHH501217009,YouBike2.0_茄萣運動公園,4
KHH501218001,YouBike2.0_正修科技大學東側,24
KHH501218002,YouBike2.0_大埤調洪公園,9
KHH501218003,YouBike2.0_大華里民活動中心,9
KHH501218004,YouBike2.0_澄清湖,24
KHH501218005,YouBike2.0_正修科技大學,24
KHH501218006,YouBike2.0_文山高中,14
KHH501218007,YouBike2.0_澄清湖(海洋奇珍園),7
KHH501218008,YouBike2.0_澄清湖(仁智亭),25
KHH501218009,YouBike2.0_長庚醫院,12
KHH501218010,YouBike2.0_澄清湖(兒童園區),8
KHH501218011,YouBike2.0_澄清湖(後門),9
KHH501218012,YouBike2.0_澄清湖(第一停車場),0
KHH501218013,YouBike2.0_圓山大飯店,10
KHH501218014,YouBike2.0_憲兵204指揮部,10
KHH501218015,YouBike2.0_三亭攬勝,12
KHH501218016,YouBike2.0_育成琅環二街口,7
KHH501218017,YouBike2.0_明湖澄湖路口,14
KHH501218018,YouBike2.0_鳥松國小,7
KHH501218019,YouBike2.0_仁美國小,0
KHH501218020,YouBike2.0_江埤美德二街口,3
KHH501218021,YouBike2.0_福德公園,7
KHH501218022,YouBike2.0_大埤大智路口,15
KHH501218023,YouBike2.0_華美里活動中心,7
KHH501218024,YouBike2.0_大華夢公園,5
KHH501218025,YouBike2.0_鳳山圳滯洪公園,9
KHH501218026,YouBike2.0_鳥松國中,12
KHH501218027,YouBike2.0_恆山南竹安街口,3
KHH501218028,YouBike2.0_高雄市立澄清湖棒球場,56
KHH501218029,YouBike2.0_高雄市立澄清湖棒球場(公園路側),19
KHH501218030,YouBike2.0_大華公園,6
KHH501218031,YouBike2.0_高雄果嶺自然公園,19
KHH501219001,YouBike2.0_永芳公園,9
KHH501219002,YouBike2.0_慈惠醫院,3
KHH501219003,YouBike2.0_捷運大寮站(1號出口),45
KHH501219004,YouBike2.0_山頂國小,4
KHH501219005,YouBike2.0_中庄國小,9
KHH501219006,YouBike2.0_中庄國中,13
KHH501219007,YouBike2.0_新光高中,14
KHH501219008,YouBike2.0_翁公園,6
KHH501219009,YouBike2.0_後庄車站,22
KHH501219010,YouBike2.0_後庄國小,12
KHH501219011,YouBike2.0_和春技術學院大寮校區,6
KHH501219012,YouBike2.0_輔英科技大學,29
KHH501219014,YouBike2.0_大寮區公所,16
KHH501219015,YouBike2.0_昭明國小(鳳林一路184巷),4
KHH501219016,YouBike2.0_中庄社區發展協會,8
KHH501219017,YouBike2.0_仁忠仁忠路111巷口,8
KHH501219018,YouBike2.0_大寮國小,8
KHH501219019,YouBike2.0_三隆兒童公園,10
KHH501219020,YouBike2.0_大寮國中,7
KHH501219021,YouBike2.0_鳳林宣武路口,0
KHH501219022,YouBike2.0_捷運大寮機廠,3
KHH501219023,YouBike2.0_大寮運動公園,19
KHH501219024,YouBike2.0_潮寮國中,11
KHH501219025,YouBike2.0_琉球黃厝路口,0
KHH501219026,YouBike2.0_溪寮公車站,8
KHH501219027,YouBike2.0_上寮綜合活動中心,2
KHH501219028,YouBike2.0_義和河堤路口,11
KHH501219029,YouBike2.0_中庄福德祠,7
KHH501219030,YouBike2.0_精忠公園,12
KHH501219031,YouBike2.0_高英工商,3
KHH501219032,YouBike2.0_會社公園,8
KHH501219033,YouBike2.0_大發開封宮,7
KHH501219034,YouBike2.0_翁園社區活動中心,13
KHH501219036,YouBike2.0_溪寮國小,7
KHH501220001,YouBike2.0_捷運青埔站(1號出口)東側,2
KHH501220002,YouBike2.0_橋頭地檢署,11
KHH501220003,YouBike2.0_竹林公園,11
KHH501220004,YouBike2.0_橋頭車站,11
KHH501220005,YouBike2.0_橋頭地方法院(新中五街),6
KHH501220006,YouBike2.0_岡山養護工程隊,8
KHH501220007,YouBike2.0_橋頭地方法院(橋新二路側),8
KHH501220008,YouBike2.0_捷運青埔站(1號出口)西側,5
KHH501220009,YouBike2.0_捷運橋頭糖廠站(1號出口),13
KHH501220010,YouBike2.0_橋頭國中,11
KHH501220011,YouBike2.0_一品公園,8
KHH501220012,YouBike2.0_小機堡停車場,9
KHH501220013,YouBike2.0_橋新一橋新八路口,12
KHH501220014,YouBike2.0_橋新七新東一街口,17
KHH501220015,YouBike2.0_橋新環新東一街口,6
KHH501220016,YouBike2.0_甲圍公園,8
KHH501220017,YouBike2.0_仕隆國小,9
KHH501220018,YouBike2.0_五林國小,5
KHH501220019,YouBike2.0_橋頭國小,3
KHH501220020,YouBike2.0_成功南橋新六路口,15
KHH501220021,YouBike2.0_橋都新南二街口,15
KHH501220022,YouBike2.0_新莊義山宮,3
KHH501220023,YouBike2.0_經武甲樹路1186巷口,9
KHH501220024,YouBike2.0_成功南經武路口,10
KHH501220025,YouBike2.0_高苑工商,16
KHH501220026,YouBike2.0_橋都新南三街口,8
KHH501220027,YouBike2.0_典寶溪D區滯洪池,13
KHH501220028,YouBike2.0_六班長紀念公園,7
KHH501220029,YouBike2.0_橋頭林仔頭護安宮,10
KHH501220030,YouBike2.0_九甲圍義山宮,8
KHH501220031,YouBike2.0_關聖宮,8
KHH501220032,YouBike2.0_橋頭兒六公園,7
KHH501220033,YouBike2.0_橋新一橋新九路口(東側),11
KHH501220034,YouBike2.0_橋頭仕元代天府,7
KHH501220035,YouBike2.0_甲圍國小,13
KHH501220036,YouBike2.0_甲樹路口站,13
KHH501220037,YouBike2.0_橋頭公兒10公園,3
KHH501220038,YouBike2.0_仕隆帝仙宮,11
KHH501220039,YouBike2.0_頂鹽田天月宮,7
KHH501221001,YouBike2.0_高雄市立圖書館湖內分館,7
KHH501221002,YouBike2.0_文賢國小,9
KHH501221003,YouBike2.0_湖內國中,6
KHH501221004,YouBike2.0_長壽路公有停車場,4
KHH501221005,YouBike2.0_湖東公園,9
KHH501221006,YouBike2.0_保生湖中路378巷口,4
KHH501221007,YouBike2.0_公館公園,5
KHH501221008,YouBike2.0_忠興社區活動中心,10
KHH501221009,YouBike2.0_湖內區農會海埔分部,5
KHH501221010,YouBike2.0_正義正義二路口,2
KHH501221011,YouBike2.0_田尾玉湖宮,12
KHH501221012,YouBike2.0_大湖社區活動中心,12
KHH501222001,YouBike2.0_觀音牛路巷公園,0
KHH501222002,YouBike2.0_文中二公園,0
KHH501222003,YouBike2.0_金龍路46巷,7
KHH501222005,YouBike2.0_中里社區公園,10
KHH501222006,YouBike2.0_觀音山腳休息區,7
KHH501222007,YouBike2.0_大社區公所,4
KHH501222008,YouBike2.0_大社國中(中山路),6
KHH501222009,YouBike2.0_三奶公園,18
KHH501222010,YouBike2.0_中正保舍甲路(東南側),11
KHH501223001,YouBike2.0_彌陀漁民活動中心,2
KHH501223002,YouBike2.0_高雄市立圖書館彌陀公園分館,5
KHH501223003,YouBike2.0_彌陀國中,10
KHH501223004,YouBike2.0_漯底山自然公園,9
KHH501223005,YouBike2.0_南安國小公車站,9
KHH501223006,YouBike2.0_彌陀國小,8
KHH501223007,YouBike2.0_鹽埕過港安樂宮,3
KHH501223008,YouBike2.0_彌陀彌壽宮,5
KHH501223009,YouBike2.0_鹽埕文安路東段(西南側),7
KHH501224001,YouBike2.0_路竹夜市,7
KHH501224003,YouBike2.0_路竹高中,29
KHH501224004,YouBike2.0_路竹區戶政事務所,14
KHH501224005,YouBike2.0_路科宿舍,3
KHH501224006,YouBike2.0_路竹車站,28
KHH501224007,YouBike2.0_台鋼科大,37
KHH501224008,YouBike2.0_路竹運動公園,3
KHH501224009,YouBike2.0_大湖車站,18
KHH501224010,YouBike2.0_樹人醫護管理專科學校,18
KHH501224011,YouBike2.0_路科六路科一路口,11
KHH501224012,YouBike2.0_一甲國中,4
KHH501224013,YouBike2.0_路竹區第二停車場,16
KHH501224014,YouBike2.0_路竹區老人活動中心,28
KHH501224015,YouBike2.0_竹滬國小,4
KHH501224016,YouBike2.0_一甲公園,5
KHH501224017,YouBike2.0_一甲國小,10
KHH501224018,YouBike2.0_路竹竹東停車場,11
KHH501224019,YouBike2.0_蔡文國小,7
KHH501224020,YouBike2.0_建國公園,5
KHH501224021,YouBike2.0_路科十路科三路口,8
KHH501224022,YouBike2.0_路竹運動公園(東北側),10
KHH501224023,YouBike2.0_路竹地政事務所,20
KHH501224024,YouBike2.0_大社國小,9
KHH501224025,YouBike2.0_高雄秀傳紀念醫院,15
KHH501225001,YouBike2.0_阿蓮國中,3
KHH501225002,YouBike2.0_阿蓮區公所,13
KHH501225003,YouBike2.0_阿蓮國小,6
KHH501225004,YouBike2.0_南蓮停車場,3
KHH501225005,YouBike2.0_萬福宮,9
KHH501226001,YouBike2.0_舊鐵橋生態公園,5
KHH501226002,YouBike2.0_舊鐵橋濕地公園,7
KHH501226003,YouBike2.0_九曲堂火車站(前站),22
KHH501226004,YouBike2.0_九曲堂火車站(後站),14
KHH501226005,YouBike2.0_大樹綜合體育館,10
KHH501226006,YouBike2.0_高雄市立圖書館大樹二館,5
KHH501226007,YouBike2.0_大樹國小,17
KHH501226008,YouBike2.0_九曲福德宮,8
KHH501226011,YouBike2.0_姑山倉庫,9
KHH501226012,YouBike2.0_久堂湖底二巷,20
KHH501227001,YouBike2.0_永安區休閒公園,9
KHH501227002,YouBike2.0_竹仔港文興宮,7
KHH501227003,YouBike2.0_永新漁港安檢所,9
KHH501227004,YouBike2.0_農漁產品展售中心,6
KHH501227005,YouBike2.0_永安滯洪池停車場,11
KHH501228001,YouBike2.0_燕巢區公所,9
KHH501228002,YouBike2.0_兒二公園,1
KHH501228003,YouBike2.0_阿公店水庫停車場,21
KHH501228004,YouBike2.0_阿公店森林公園,12
KHH501228005,YouBike2.0_高雄市立圖書館燕巢分館,7
KHH501228006,YouBike2.0_西燕公園,6
KHH501228008,YouBike2.0_角宿天后宮活動中心,4
KHH501228009,YouBike2.0_東側兒一公園,5
KHH501228010,YouBike2.0_鳳雄國小,1
KHH501228011,YouBike2.0_南燕公園,5
KHH501228012,YouBike2.0_援剿右神元宮,8
KHH501229001,YouBike2.0_鼓山國小(延平一路),7
KHH501229002,YouBike2.0_旗山老街(華中街),3
KHH501229003,YouBike2.0_旗山武德殿,10
KHH501229004,YouBike2.0_旗山轉運站,1
KHH501229005,YouBike2.0_旗山區公所,10
KHH501229006,YouBike2.0_中華光復一街路口,7
KHH501229007,YouBike2.0_旗糖農創園區,14
KHH501229008,YouBike2.0_旗糖農創園區(停車場),19
KHH501229009,YouBike2.0_旗山農工,17
KHH501229010,YouBike2.0_高雄市立圖書館旗山分館,5
KHH501229011,YouBike2.0_永平街停車場,10
KHH501229012,YouBike2.0_洪厝公園,9
KHH501229013,YouBike2.0_旗尾代天宮,15
KHH501230001,YouBike2.0_美濃湖(民權路),12
KHH501230002,YouBike2.0_雙峰公園停車場,8
KHH501230003,YouBike2.0_高雄市立圖書館美濃分館,9
KHH501230004,YouBike2.0_高雄市美濃運動中心,10
KHH501235001,YouBike2.0_甲仙親水公園停車場,10
